{"epoch_1": {"correct_images": 2162, "total_images": 50000, "loss": 4.279695118784599, "accuracy": 4.324}, "epoch_2": {"correct_images": 4595, "total_images": 50000, "loss": 3.912617890731148, "accuracy": 9.19}, "epoch_3": {"correct_images": 5964, "total_images": 50000, "loss": 3.737762988071003, "accuracy": 11.928}, "epoch_4": {"correct_images": 6923, "total_images": 50000, "loss": 3.6266493751569784, "accuracy": 13.846}, "epoch_5": {"correct_images": 7820, "total_images": 50000, "loss": 3.5311661355025934, "accuracy": 15.64}, "epoch_6": {"correct_images": 8679, "total_images": 50000, "loss": 3.4523502585223262, "accuracy": 17.358}, "epoch_7": {"correct_images": 9334, "total_images": 50000, "loss": 3.3752981643847493, "accuracy": 18.668}, "epoch_8": {"correct_images": 9940, "total_images": 50000, "loss": 3.311524721972473, "accuracy": 19.88}, "epoch_9": {"correct_images": 10541, "total_images": 50000, "loss": 3.2465037141004793, "accuracy": 21.082}, "epoch_10": {"correct_images": 10925, "total_images": 50000, "loss": 3.191264267772665, "accuracy": 21.85}, "epoch_11": {"correct_images": 11521, "total_images": 50000, "loss": 3.1438761925148535, "accuracy": 23.042}, "epoch_12": {"correct_images": 11968, "total_images": 50000, "loss": 3.094638538482549, "accuracy": 23.936}, "epoch_13": {"correct_images": 12457, "total_images": 50000, "loss": 3.0465759596861233, "accuracy": 24.914}, "epoch_14": {"correct_images": 12864, "total_images": 50000, "loss": 3.002595256051749, "accuracy": 25.728}, "epoch_15": {"correct_images": 13191, "total_images": 50000, "loss": 2.9667707590190955, "accuracy": 26.382}, "epoch_16": {"correct_images": 13373, "total_images": 50000, "loss": 2.932879999470528, "accuracy": 26.746}, "epoch_17": {"correct_images": 13859, "total_images": 50000, "loss": 2.8914085279035446, "accuracy": 27.718}, "epoch_18": {"correct_images": 14240, "total_images": 50000, "loss": 2.858336251714955, "accuracy": 28.48}, "epoch_19": {"correct_images": 14687, "total_images": 50000, "loss": 2.8182526348192063, "accuracy": 29.374}, "epoch_20": {"correct_images": 15030, "total_images": 50000, "loss": 2.784324747522164, "accuracy": 30.06}, "epoch_21": {"correct_images": 15300, "total_images": 50000, "loss": 2.752887452349943, "accuracy": 30.6}, "epoch_22": {"correct_images": 15514, "total_images": 50000, "loss": 2.723024193283237, "accuracy": 31.028}, "epoch_23": {"correct_images": 16046, "total_images": 50000, "loss": 2.6832373547736945, "accuracy": 32.092}, "epoch_24": {"correct_images": 16214, "total_images": 50000, "loss": 2.6596656479798924, "accuracy": 32.428}, "epoch_25": {"correct_images": 16677, "total_images": 50000, "loss": 2.621737873310323, "accuracy": 33.354}, "epoch_26": {"correct_images": 16901, "total_images": 50000, "loss": 2.5886275917672745, "accuracy": 33.802}, "epoch_27": {"correct_images": 17242, "total_images": 50000, "loss": 2.563229553687298, "accuracy": 34.484}, "epoch_28": {"correct_images": 17485, "total_images": 50000, "loss": 2.5376414516392876, "accuracy": 34.97}, "epoch_29": {"correct_images": 17766, "total_images": 50000, "loss": 2.5091277391404447, "accuracy": 35.532}, "epoch_30": {"correct_images": 18163, "total_images": 50000, "loss": 2.4821419401851763, "accuracy": 36.326}, "epoch_31": {"correct_images": 18406, "total_images": 50000, "loss": 2.4549694297563693, "accuracy": 36.812}, "epoch_32": {"correct_images": 18685, "total_images": 50000, "loss": 2.4258689537377616, "accuracy": 37.37}, "epoch_33": {"correct_images": 18988, "total_images": 50000, "loss": 2.40301706937268, "accuracy": 37.976}, "epoch_34": {"correct_images": 19235, "total_images": 50000, "loss": 2.3815080351231956, "accuracy": 38.47}, "epoch_35": {"correct_images": 19378, "total_images": 50000, "loss": 2.3548906043057554, "accuracy": 38.756}, "epoch_36": {"correct_images": 19591, "total_images": 50000, "loss": 2.330305580897709, "accuracy": 39.182}, "epoch_37": {"correct_images": 20057, "total_images": 50000, "loss": 2.298224138939167, "accuracy": 40.114}, "epoch_38": {"correct_images": 20260, "total_images": 50000, "loss": 2.277392065738473, "accuracy": 40.52}, "epoch_39": {"correct_images": 20495, "total_images": 50000, "loss": 2.258990550437547, "accuracy": 40.99}, "epoch_40": {"correct_images": 20773, "total_images": 50000, "loss": 2.2337778475888244, "accuracy": 41.546}, "epoch_41": {"correct_images": 21044, "total_images": 50000, "loss": 2.212752602899166, "accuracy": 42.088}, "epoch_42": {"correct_images": 21231, "total_images": 50000, "loss": 2.19247075953447, "accuracy": 42.462}, "epoch_43": {"correct_images": 21421, "total_images": 50000, "loss": 2.1753848751487634, "accuracy": 42.842}, "epoch_44": {"correct_images": 21598, "total_images": 50000, "loss": 2.1537537239396665, "accuracy": 43.196}, "epoch_45": {"correct_images": 21831, "total_images": 50000, "loss": 2.138470644841109, "accuracy": 43.662}, "epoch_46": {"correct_images": 22127, "total_images": 50000, "loss": 2.1079391603884488, "accuracy": 44.254}, "epoch_47": {"correct_images": 22263, "total_images": 50000, "loss": 2.087094102979011, "accuracy": 44.526}, "epoch_48": {"correct_images": 22454, "total_images": 50000, "loss": 2.0735159647434265, "accuracy": 44.908}, "epoch_49": {"correct_images": 22646, "total_images": 50000, "loss": 2.053504890188232, "accuracy": 45.292}, "epoch_50": {"correct_images": 22879, "total_images": 50000, "loss": 2.0360851008873766, "accuracy": 45.758}}